"","V1"
"1000.txt",9
"1001.txt",2
"1002.txt",10
"1003.txt",3
"1004.txt",8
"1005.txt",8
"1006.txt",8
"1007.txt",8
"1008.txt",2
"1009.txt",3
"100.txt",5
"1010.txt",2
"1011.txt",4
"1012.txt",4
"1013.txt",8
"1014.txt",6
"1015.txt",8
"1016.txt",10
"1017.txt",4
"1018.txt",3
"1019.txt",2
"101.txt",7
"1020.txt",10
"1021.txt",2
"1022.txt",4
"1023.txt",5
"1024.txt",5
"1025.txt",9
"1026.txt",3
"1027.txt",3
"1028.txt",8
"1029.txt",2
"102.txt",2
"1030.txt",3
"1031.txt",8
"1032.txt",8
"1033.txt",1
"1034.txt",4
"1035.txt",6
"1036.txt",5
"1037.txt",1
"1038.txt",5
"1039.txt",1
"103.txt",1
"1040.txt",2
"1041.txt",4
"1042.txt",4
"1043.txt",4
"1044.txt",5
"1045.txt",5
"1046.txt",5
"1047.txt",4
"1048.txt",4
"1049.txt",4
"104.txt",8
"1050.txt",4
"1051.txt",4
"1052.txt",4
"1053.txt",4
"1054.txt",4
"1055.txt",5
"1056.txt",4
"1057.txt",9
"1058.txt",8
"1059.txt",8
"105.txt",7
"1060.txt",8
"1061.txt",8
"1062.txt",2
"1063.txt",8
"1064.txt",4
"1065.txt",9
"1066.txt",3
"1067.txt",3
"1068.txt",4
"1069.txt",3
"106.txt",8
"1070.txt",8
"1071.txt",5
"1072.txt",3
"1073.txt",1
"1074.txt",4
"1075.txt",3
"1076.txt",3
"1077.txt",9
"1078.txt",2
"1079.txt",3
"107.txt",8
"1080.txt",3
"1081.txt",2
"1082.txt",4
"1083.txt",4
"1084.txt",4
"1085.txt",4
"1086.txt",4
"1087.txt",4
"1088.txt",4
"1089.txt",4
"108.txt",2
"1090.txt",2
"1091.txt",8
"1092.txt",5
"1093.txt",2
"1094.txt",8
"1095.txt",9
"1096.txt",4
"1097.txt",2
"1098.txt",1
"1099.txt",8
"109.txt",7
"10.txt",2
"1100.txt",8
"1101.txt",9
"1103.txt",8
"1104.txt",6
"1105.txt",7
"1106.txt",4
"1107.txt",8
"1108.txt",2
"1109.txt",1
"110.txt",2
"1110.txt",9
"1111.txt",7
"1112.txt",1
"1113.txt",4
"1114.txt",8
"1115.txt",2
"1116.txt",7
"1117.txt",8
"1118.txt",4
"1119.txt",4
"111.txt",4
"1120.txt",1
"1121.txt",4
"1122.txt",4
"1123.txt",10
"1124.txt",4
"1125.txt",10
"1126.txt",3
"1127.txt",10
"1128.txt",10
"1129.txt",4
"1130.txt",3
"1131.txt",6
"1132.txt",4
"1133.txt",6
"1134.txt",3
"1135.txt",8
"1136.txt",8
"1137.txt",4
"1138.txt",2
"1139.txt",4
"113.txt",1
"1140.txt",6
"1141.txt",3
"1142.txt",1
"1143.txt",1
"1144.txt",4
"1146.txt",4
"1147.txt",7
"1148.txt",10
"1149.txt",10
"114.txt",10
"1150.txt",1
"1151.txt",5
"1152.txt",1
"1153.txt",7
"1154.txt",8
"1155.txt",3
"1156.txt",4
"1157.txt",1
"1158.txt",10
"1159.txt",7
"115.txt",6
"1160.txt",1
"1161.txt",8
"1162.txt",5
"1163.txt",3
"1164.txt",10
"1165.txt",7
"1166.txt",5
"1167.txt",6
"1168.txt",9
"1169.txt",2
"116.txt",7
"1170.txt",2
"1171.txt",2
"1172.txt",8
"1173.txt",5
"1174.txt",10
"1175.txt",3
"1176.txt",4
"1177.txt",4
"1178.txt",4
"1179.txt",4
"117.txt",2
"1180.txt",2
"1181.txt",4
"1182.txt",1
"1183.txt",7
"1184.txt",10
"1185.txt",7
"1186.txt",8
"1187.txt",9
"1188.txt",4
"1189.txt",9
"118.txt",3
"1190.txt",1
"1191.txt",2
"1192.txt",2
"1193.txt",6
"1194.txt",6
"1195.txt",2
"1196.txt",2
"1197.txt",6
"1198.txt",3
"1199.txt",1
"119.txt",8
"11.txt",10
"1200.txt",8
"1201.txt",9
"1202.txt",5
"1203.txt",8
"1204.txt",8
"1205.txt",3
"1206.txt",7
"1207.txt",1
"1208.txt",8
"1209.txt",7
"120.txt",8
"1210.txt",4
"1211.txt",2
"1212.txt",4
"1213.txt",1
"1214.txt",9
"1215.txt",4
"1216.txt",1
"1217.txt",8
"1218.txt",5
"1219.txt",4
"121.txt",10
"1220.txt",1
"1221.txt",2
"1222.txt",9
"1223.txt",3
"1224.txt",2
"1225.txt",7
"1226.txt",1
"1227.txt",10
"1228.txt",8
"1229.txt",4
"122.txt",9
"1230.txt",6
"1231.txt",5
"1232.txt",9
"1233.txt",2
"1234.txt",5
"1235.txt",3
"1236.txt",9
"1237.txt",2
"1238.txt",3
"1239.txt",4
"123.txt",7
"1240.txt",4
"1241.txt",3
"1242.txt",3
"1243.txt",3
"1244.txt",3
"1246.txt",3
"1247.txt",1
"1248.txt",3
"1249.txt",3
"124.txt",10
"1250.txt",2
"1252.txt",4
"1253.txt",4
"1254.txt",3
"1255.txt",3
"1256.txt",3
"1257.txt",2
"1258.txt",6
"1259.txt",2
"125.txt",8
"1261.txt",1
"1262.txt",3
"1263.txt",3
"1264.txt",3
"1265.txt",3
"1266.txt",3
"1267.txt",1
"1268.txt",10
"126.txt",8
"1270.txt",10
"1271.txt",3
"1272.txt",1
"1273.txt",4
"1274.txt",3
"1275.txt",3
"1276.txt",8
"1277.txt",3
"1278.txt",3
"1279.txt",3
"127.txt",4
"1280.txt",3
"1281.txt",3
"1282.txt",1
"1283.txt",1
"1284.txt",1
"1285.txt",3
"1286.txt",1
"1287.txt",3
"1288.txt",1
"1289.txt",3
"128.txt",4
"1290.txt",1
"1291.txt",3
"1292.txt",2
"1293.txt",6
"1294.txt",7
"1295.txt",7
"1296.txt",4
"1297.txt",3
"1298.txt",2
"1299.txt",1
"129.txt",1
"12.txt",9
"1300.txt",2
"1301.txt",2
"1303.txt",4
"1304.txt",1
"1305.txt",3
"1306.txt",4
"1307.txt",8
"1308.txt",2
"1309.txt",8
"130.txt",3
"1310.txt",9
"1311.txt",3
"1312.txt",3
"1313.txt",3
"1314.txt",3
"1315.txt",3
"1316.txt",3
"1317.txt",3
"1318.txt",8
"1319.txt",2
"131.txt",10
"1320.txt",3
"1321.txt",3
"1322.txt",8
"1323.txt",3
"1324.txt",2
"1325.txt",2
"1326.txt",3
"1327.txt",4
"1328.txt",4
"1329.txt",1
"132.txt",2
"1330.txt",3
"1331.txt",4
"1332.txt",10
"1333.txt",2
"1334.txt",3
"1335.txt",10
"1336.txt",2
"1337.txt",5
"1338.txt",1
"133.txt",8
"1340.txt",5
"1341.txt",3
"1342.txt",5
"1343.txt",6
"1344.txt",8
"1345.txt",6
"1346.txt",9
"1347.txt",1
"1348.txt",1
"1349.txt",6
"134.txt",6
"1350.txt",6
"1351.txt",5
"1352.txt",8
"1353.txt",3
"1354.txt",8
"1355.txt",10
"1356.txt",1
"1357.txt",8
"1358.txt",3
"1359.txt",1
"135.txt",10
"1360.txt",4
"1361.txt",9
"1362.txt",9
"1363.txt",7
"1364.txt",7
"1365.txt",3
"1366.txt",1
"1367.txt",3
"1368.txt",1
"1369.txt",5
"136.txt",2
"1370.txt",1
"1371.txt",4
"1372.txt",3
"1373.txt",6
"1375.txt",2
"1376.txt",5
"1377.txt",1
"1378.txt",2
"1379.txt",7
"137.txt",2
"1380.txt",1
"1381.txt",8
"1382.txt",8
"1383.txt",2
"1384.txt",3
"1385.txt",10
"1386.txt",5
"1387.txt",5
"1388.txt",8
"1389.txt",1
"138.txt",2
"1390.txt",10
"1391.txt",10
"1392.txt",1
"1393.txt",1
"1394.txt",6
"1395.txt",7
"1396.txt",3
"1397.txt",1
"1398.txt",1
"1399.txt",6
"139.txt",6
"13.txt",5
"1400.txt",6
"1401.txt",7
"1402.txt",2
"1403.txt",6
"1404.txt",4
"1405.txt",6
"1406.txt",4
"1407.txt",1
"1408.txt",9
"1409.txt",1
"140.txt",1
"1410.txt",4
"1411.txt",10
"1412.txt",3
"1413.txt",4
"1414.txt",1
"1415.txt",1
"1416.txt",2
"1417.txt",2
"1418.txt",4
"1419.txt",6
"141.txt",2
"1420.txt",1
"1421.txt",7
"1422.txt",5
"1423.txt",3
"1424.txt",1
"1425.txt",6
"1426.txt",4
"1427.txt",1
"1428.txt",1
"1429.txt",4
"142.txt",6
"1430.txt",6
"1431.txt",1
"1432.txt",9
"1433.txt",7
"1434.txt",1
"1435.txt",3
"1436.txt",8
"1437.txt",3
"1438.txt",2
"1439.txt",8
"143.txt",7
"1440.txt",1
"1441.txt",10
"1442.txt",7
"1443.txt",4
"1444.txt",8
"1445.txt",2
"1446.txt",1
"1447.txt",1
"1448.txt",4
"1449.txt",1
"144.txt",2
"1450.txt",9
"1452.txt",1
"1453.txt",3
"1454.txt",1
"1455.txt",4
"1456.txt",1
"1457.txt",4
"1458.txt",1
"1459.txt",1
"145.txt",5
"1460.txt",5
"1461.txt",1
"1462.txt",4
"1463.txt",1
"1464.txt",1
"1465.txt",1
"1466.txt",8
"1467.txt",3
"1468.txt",2
"1469.txt",8
"146.txt",3
"1470.txt",8
"1471.txt",7
"1472.txt",1
"1473.txt",2
"1474.txt",1
"1475.txt",7
"1476.txt",2
"1477.txt",10
"1478.txt",4
"1479.txt",1
"147.txt",7
"1480.txt",6
"1481.txt",5
"1482.txt",8
"1483.txt",4
"1484.txt",4
"1485.txt",7
"1486.txt",7
"1487.txt",1
"1488.txt",7
"1489.txt",6
"148.txt",2
"1490.txt",1
"1491.txt",1
"1492.txt",1
"1493.txt",3
"1494.txt",1
"1495.txt",9
"1496.txt",1
"1497.txt",1
"1498.txt",10
"1499.txt",10
"149.txt",2
"14.txt",4
"1500.txt",2
"1501.txt",4
"1502.txt",1
"1503.txt",10
"1504.txt",1
"1505.txt",7
"1506.txt",7
"1507.txt",1
"1508.txt",3
"1509.txt",3
"150.txt",2
"1510.txt",7
"1511.txt",7
"1512.txt",3
"1513.txt",1
"1514.txt",3
"1515.txt",3
"1516.txt",6
"1517.txt",5
"1518.txt",6
"1519.txt",1
"151.txt",2
"1520.txt",1
"1521.txt",4
"1522.txt",4
"1523.txt",4
"1525.txt",6
"1527.txt",7
"1528.txt",1
"1529.txt",1
"152.txt",8
"1530.txt",7
"1531.txt",1
"1532.txt",10
"1533.txt",10
"1534.txt",1
"1535.txt",1
"1536.txt",1
"1537.txt",1
"1538.txt",1
"1539.txt",1
"153.txt",3
"1540.txt",1
"1541.txt",1
"1542.txt",1
"1543.txt",5
"1544.txt",5
"1545.txt",1
"1546.txt",1
"1547.txt",1
"1548.txt",1
"1549.txt",6
"154.txt",7
"1550.txt",4
"1551.txt",4
"1552.txt",6
"1553.txt",1
"1554.txt",2
"1555.txt",2
"1556.txt",2
"1557.txt",8
"1558.txt",4
"1559.txt",2
"155.txt",2
"1560.txt",5
"1561.txt",2
"1562.txt",3
"1563.txt",2
"1564.txt",2
"1565.txt",1
"1566.txt",5
"1567.txt",2
"1568.txt",1
"1569.txt",10
"156.txt",2
"1570.txt",5
"1571.txt",8
"1572.txt",1
"1573.txt",4
"1574.txt",4
"1575.txt",7
"1576.txt",7
"1577.txt",2
"1578.txt",3
"1579.txt",4
"157.txt",7
"1580.txt",4
"1581.txt",4
"1582.txt",4
"1583.txt",5
"1584.txt",4
"1585.txt",8
"1586.txt",6
"1587.txt",6
"1588.txt",6
"1589.txt",6
"158.txt",2
"1590.txt",1
"1591.txt",3
"1592.txt",6
"1593.txt",8
"1594.txt",8
"1595.txt",2
"1596.txt",10
"1597.txt",2
"1598.txt",6
"1599.txt",2
"159.txt",3
"15.txt",5
"1600.txt",2
"1601.txt",2
"1602.txt",2
"1603.txt",7
"1604.txt",6
"1605.txt",2
"1606.txt",1
"1607.txt",6
"1608.txt",6
"1609.txt",6
"160.txt",7
"1610.txt",8
"1611.txt",2
"1612.txt",3
"1613.txt",2
"1614.txt",6
"1615.txt",3
"1616.txt",6
"1617.txt",6
"1618.txt",10
"1619.txt",3
"161.txt",6
"1620.txt",3
"1621.txt",2
"1622.txt",10
"1623.txt",10
"1624.txt",2
"1625.txt",2
"1626.txt",6
"1627.txt",7
"1628.txt",5
"1629.txt",5
"162.txt",5
"1630.txt",1
"1631.txt",10
"1632.txt",4
"1633.txt",2
"1634.txt",6
"1635.txt",1
"1636.txt",3
"1637.txt",6
"1638.txt",4
"1639.txt",4
"163.txt",5
"1640.txt",1
"1641.txt",8
"1642.txt",4
"1643.txt",1
"1644.txt",10
"1645.txt",6
"1646.txt",4
"1647.txt",4
"1648.txt",3
"1649.txt",4
"164.txt",9
"1650.txt",8
"1651.txt",4
"1652.txt",4
"1653.txt",3
"1654.txt",1
"1655.txt",8
"1656.txt",9
"1657.txt",7
"1658.txt",10
"1659.txt",4
"165.txt",3
"1660.txt",8
"1661.txt",8
"1662.txt",6
"1663.txt",6
"1664.txt",4
"1665.txt",6
"1666.txt",4
"1667.txt",4
"1668.txt",4
"1669.txt",7
"166.txt",1
"1670.txt",2
"1671.txt",4
"1672.txt",4
"1673.txt",1
"1674.txt",1
"1675.txt",4
"1676.txt",3
"1677.txt",6
"1678.txt",4
"1679.txt",3
"167.txt",5
"1680.txt",6
"1681.txt",6
"1682.txt",2
"1683.txt",6
"1684.txt",7
"1685.txt",4
"1686.txt",6
"1687.txt",10
"1688.txt",7
"1689.txt",4
"168.txt",3
"1690.txt",1
"1691.txt",1
"1692.txt",7
"1693.txt",2
"1694.txt",3
"1695.txt",4
"1696.txt",5
"1697.txt",7
"1698.txt",4
"1699.txt",3
"169.txt",3
"16.txt",5
"1700.txt",3
"1701.txt",6
"1702.txt",1
"1703.txt",10
"1704.txt",10
"1706.txt",2
"1707.txt",7
"1708.txt",2
"1709.txt",10
"170.txt",2
"1710.txt",6
"1711.txt",7
"1712.txt",1
"1713.txt",8
"1714.txt",1
"1715.txt",10
"1716.txt",10
"1717.txt",10
"1718.txt",10
"1719.txt",10
"171.txt",2
"1720.txt",4
"1721.txt",10
"1722.txt",4
"1723.txt",9
"1724.txt",9
"1725.txt",9
"1726.txt",8
"1727.txt",6
"1728.txt",9
"1729.txt",6
"172.txt",9
"1730.txt",6
"1731.txt",6
"1732.txt",4
"1733.txt",6
"1734.txt",1
"1735.txt",10
"1736.txt",6
"1737.txt",9
"1738.txt",9
"1739.txt",9
"173.txt",1
"1740.txt",2
"1741.txt",9
"1742.txt",9
"1743.txt",5
"1744.txt",9
"1745.txt",2
"1746.txt",9
"1747.txt",1
"1748.txt",8
"1749.txt",3
"174.txt",1
"1750.txt",9
"1751.txt",9
"1752.txt",9
"1753.txt",9
"1754.txt",4
"1755.txt",2
"1756.txt",7
"1757.txt",4
"1758.txt",7
"1759.txt",4
"175.txt",9
"1760.txt",10
"1761.txt",6
"1762.txt",3
"1763.txt",2
"1764.txt",6
"1765.txt",4
"1766.txt",6
"1767.txt",9
"1768.txt",9
"1769.txt",9
"176.txt",1
"1770.txt",9
"1771.txt",9
"1772.txt",9
"1773.txt",3
"1774.txt",9
"1775.txt",9
"1776.txt",9
"1777.txt",9
"1778.txt",3
"1779.txt",7
"177.txt",6
"1780.txt",2
"1781.txt",9
"1782.txt",9
"1783.txt",9
"1784.txt",9
"1785.txt",2
"1786.txt",9
"1787.txt",1
"1788.txt",6
"1789.txt",2
"178.txt",4
"1790.txt",6
"1791.txt",6
"1792.txt",6
"1793.txt",2
"1794.txt",1
"1795.txt",4
"1796.txt",6
"1797.txt",5
"1798.txt",5
"1799.txt",9
"179.txt",6
"17.txt",1
"1800.txt",5
"1801.txt",9
"1802.txt",7
"1803.txt",6
"1804.txt",4
"1805.txt",6
"1806.txt",2
"1807.txt",8
"1808.txt",3
"1809.txt",9
"180.txt",2
"1810.txt",2
"1811.txt",10
"1812.txt",9
"1813.txt",6
"1814.txt",3
"1815.txt",10
"1816.txt",9
"1817.txt",9
"1818.txt",4
"1819.txt",7
"181.txt",3
"1820.txt",9
"1821.txt",3
"1822.txt",9
"1823.txt",4
"1824.txt",5
"1825.txt",2
"1826.txt",9
"1827.txt",7
"1828.txt",3
"1829.txt",3
"182.txt",6
"1830.txt",7
"1831.txt",9
"1832.txt",4
"1833.txt",6
"1834.txt",1
"1835.txt",1
"1836.txt",2
"1837.txt",4
"1838.txt",7
"1839.txt",2
"183.txt",3
"1840.txt",4
"1841.txt",9
"1842.txt",9
"1843.txt",9
"1844.txt",2
"1845.txt",9
"1846.txt",9
"1847.txt",8
"1848.txt",2
"1849.txt",4
"184.txt",10
"1850.txt",7
"1851.txt",8
"1852.txt",6
"1853.txt",2
"1854.txt",6
"1855.txt",4
"1856.txt",6
"1857.txt",4
"1858.txt",4
"1859.txt",10
"185.txt",6
"1860.txt",6
"1861.txt",7
"1862.txt",6
"1863.txt",5
"1864.txt",1
"1865.txt",7
"1866.txt",10
"1867.txt",7
"1868.txt",1
"1869.txt",7
"186.txt",2
"1870.txt",2
"1871.txt",9
"1872.txt",9
"1873.txt",9
"1874.txt",2
"1875.txt",9
"1876.txt",7
"1877.txt",3
"1878.txt",1
"1879.txt",1
"187.txt",10
"1880.txt",2
"1881.txt",9
"1882.txt",2
"1883.txt",10
"1884.txt",3
"1885.txt",2
"1886.txt",1
"1887.txt",9
"1888.txt",9
"1889.txt",6
"188.txt",2
"1890.txt",9
"1891.txt",9
"1892.txt",9
"1893.txt",6
"1894.txt",9
"1895.txt",9
"1896.txt",2
"1897.txt",9
"1898.txt",1
"1899.txt",9
"189.txt",7
"18.txt",2
"1900.txt",8
"1901.txt",10
"1902.txt",10
"1903.txt",6
"1904.txt",10
"1905.txt",10
"1906.txt",3
"1907.txt",6
"1908.txt",9
"1909.txt",9
"190.txt",3
"1910.txt",2
"1911.txt",5
"1912.txt",6
"1913.txt",9
"1914.txt",1
"1915.txt",7
"1916.txt",4
"1918.txt",9
"1919.txt",7
"191.txt",4
"1920.txt",8
"1921.txt",6
"1922.txt",8
"1923.txt",7
"1924.txt",8
"1925.txt",2
"1926.txt",7
"1927.txt",7
"1928.txt",3
"1929.txt",6
"192.txt",8
"1930.txt",1
"1931.txt",3
"1932.txt",2
"1933.txt",8
"1934.txt",2
"1935.txt",8
"1936.txt",2
"1937.txt",2
"1938.txt",7
"1939.txt",8
"193.txt",10
"1940.txt",3
"1941.txt",7
"1942.txt",6
"1943.txt",2
"1944.txt",8
"1945.txt",7
"1946.txt",10
"1947.txt",2
"1948.txt",5
"1949.txt",8
"194.txt",3
"1950.txt",2
"1951.txt",2
"1952.txt",9
"1953.txt",7
"1954.txt",7
"1955.txt",7
"1956.txt",2
"1957.txt",2
"1958.txt",8
"1959.txt",1
"195.txt",3
"1960.txt",7
"1961.txt",7
"1962.txt",2
"1963.txt",3
"1964.txt",3
"1965.txt",10
"1966.txt",2
"1967.txt",4
"1968.txt",6
"1969.txt",7
"196.txt",8
"1970.txt",3
"1971.txt",3
"1972.txt",3
"1973.txt",8
"1974.txt",3
"1975.txt",7
"1976.txt",4
"1977.txt",2
"1978.txt",8
"197.txt",10
"1980.txt",2
"1981.txt",2
"1982.txt",3
"1983.txt",3
"1984.txt",5
"1985.txt",2
"1986.txt",5
"1987.txt",2
"1988.txt",5
"1989.txt",8
"198.txt",1
"1990.txt",7
"1991.txt",9
"1992.txt",5
"1993.txt",2
"1994.txt",2
"1995.txt",1
"1996.txt",5
"1997.txt",3
"1998.txt",8
"1999.txt",8
"199.txt",2
"19.txt",5
"2000.txt",2
"2001.txt",9
"2002.txt",5
"2003.txt",6
"2004.txt",10
"2005.txt",2
"2006.txt",1
"2007.txt",9
"2008.txt",6
"2009.txt",1
"200.txt",7
"2010.txt",3
"2011.txt",1
"2012.txt",9
"2013.txt",1
"2014.txt",7
"2015.txt",1
"2016.txt",6
"2017.txt",5
"2018.txt",10
"2019.txt",2
"201.txt",9
"2020.txt",1
"2021.txt",2
"2022.txt",2
"2023.txt",8
"2024.txt",10
"2025.txt",9
"2026.txt",2
"2027.txt",2
"2028.txt",10
"2029.txt",6
"202.txt",9
"2030.txt",2
"2031.txt",2
"2032.txt",2
"2033.txt",7
"2034.txt",7
"2035.txt",2
"2036.txt",7
"2037.txt",2
"2038.txt",2
"2039.txt",5
"203.txt",2
"2040.txt",1
"2041.txt",10
"2042.txt",8
"2043.txt",8
"2044.txt",5
"2045.txt",8
"2046.txt",1
"2047.txt",5
"2048.txt",6
"2049.txt",3
"204.txt",1
"2050.txt",10
"2051.txt",8
"2052.txt",4
"2053.txt",3
"2054.txt",3
"2055.txt",3
"2056.txt",1
"2057.txt",3
"2058.txt",3
"2059.txt",3
"205.txt",4
"2060.txt",3
"2061.txt",3
"2062.txt",10
"2063.txt",4
"2064.txt",7
"2065.txt",9
"2066.txt",7
"2067.txt",7
"2068.txt",7
"2069.txt",2
"206.txt",6
"2070.txt",8
"2071.txt",8
"2072.txt",7
"2073.txt",9
"2074.txt",4
"2075.txt",1
"2076.txt",1
"2077.txt",3
"2078.txt",2
"2079.txt",3
"207.txt",2
"2080.txt",10
"2081.txt",6
"2082.txt",4
"2083.txt",9
"2084.txt",3
"2085.txt",2
"2086.txt",10
"2087.txt",8
"2088.txt",2
"2089.txt",7
"208.txt",7
"2090.txt",6
"2091.txt",7
"2092.txt",10
"2093.txt",10
"2094.txt",5
"2095.txt",5
"2096.txt",2
"2097.txt",3
"2098.txt",1
"2099.txt",1
"209.txt",5
"20.txt",7
"2100.txt",7
"2101.txt",2
"2102.txt",5
"2103.txt",7
"2104.txt",9
"2105.txt",5
"2106.txt",3
"2107.txt",2
"2108.txt",10
"2109.txt",10
"210.txt",9
"2110.txt",2
"2111.txt",6
"2112.txt",4
"2113.txt",5
"2114.txt",3
"2115.txt",4
"2116.txt",9
"2117.txt",6
"2118.txt",2
"2119.txt",7
"211.txt",8
"2120.txt",2
"2121.txt",7
"2122.txt",5
"2123.txt",8
"2124.txt",1
"2125.txt",5
"2126.txt",3
"2127.txt",3
"2128.txt",7
"2129.txt",5
"212.txt",5
"2130.txt",2
"2131.txt",2
"2132.txt",9
"2133.txt",2
"2134.txt",10
"2135.txt",8
"2136.txt",8
"2137.txt",2
"2138.txt",6
"2139.txt",8
"213.txt",7
"2140.txt",1
"2141.txt",8
"2142.txt",7
"2143.txt",10
"2144.txt",6
"2145.txt",2
"2146.txt",9
"2147.txt",8
"2148.txt",4
"2149.txt",8
"214.txt",3
"2150.txt",1
"2151.txt",8
"2152.txt",8
"2153.txt",1
"2154.txt",2
"2155.txt",8
"2156.txt",5
"2157.txt",7
"2158.txt",8
"2159.txt",3
"215.txt",6
"2160.txt",1
"2161.txt",10
"2162.txt",2
"2163.txt",3
"2164.txt",3
"2165.txt",8
"2166.txt",2
"2167.txt",5
"2168.txt",10
"2169.txt",5
"216.txt",1
"2170.txt",4
"2171.txt",5
"2172.txt",8
"2173.txt",3
"2175.txt",10
"2176.txt",2
"2177.txt",4
"2178.txt",2
"2179.txt",7
"217.txt",3
"2180.txt",6
"2181.txt",4
"2182.txt",6
"2183.txt",8
"2184.txt",2
"2185.txt",5
"2186.txt",4
"2187.txt",2
"2188.txt",1
"2189.txt",3
"218.txt",3
"2190.txt",7
"2191.txt",1
"2192.txt",7
"2193.txt",5
"2194.txt",5
"2195.txt",5
"2196.txt",5
"2197.txt",8
"2198.txt",6
"2199.txt",7
"219.txt",1
"21.txt",2
"2200.txt",1
"2201.txt",5
"2202.txt",5
"2203.txt",2
"2204.txt",4
"2205.txt",1
"2206.txt",3
"2207.txt",5
"2208.txt",8
"2209.txt",4
"220.txt",4
"2210.txt",1
"2211.txt",8
"2212.txt",2
"2213.txt",2
"2214.txt",5
"2215.txt",2
"2216.txt",10
"2217.txt",2
"2218.txt",4
"2219.txt",5
"221.txt",6
"2220.txt",5
"2221.txt",3
"2222.txt",3
"2223.txt",1
"2224.txt",6
"2225.txt",4
"2226.txt",4
"2227.txt",5
"2228.txt",1
"2229.txt",4
"222.txt",8
"2230.txt",7
"2231.txt",3
"2232.txt",1
"2233.txt",7
"2234.txt",1
"2235.txt",3
"2236.txt",1
"2237.txt",9
"2238.txt",1
"2239.txt",1
"223.txt",3
"2240.txt",1
"2241.txt",2
"2242.txt",5
"2243.txt",2
"2244.txt",1
"2245.txt",1
"2246.txt",2
"2247.txt",9
"2248.txt",8
"2249.txt",10
"224.txt",6
"2250.txt",9
"2251.txt",3
"2252.txt",4
"2253.txt",2
"2254.txt",5
"2255.txt",3
"2256.txt",5
"2257.txt",5
"2258.txt",8
"2259.txt",8
"225.txt",6
"2260.txt",9
"2261.txt",4
"2262.txt",7
"2263.txt",8
"2264.txt",10
"2265.txt",1
"2266.txt",6
"2267.txt",3
"2268.txt",9
"2269.txt",8
"226.txt",5
"2270.txt",2
"2271.txt",1
"2272.txt",8
"2273.txt",8
"2274.txt",1
"2275.txt",8
"2276.txt",7
"2277.txt",8
"2278.txt",8
"2279.txt",8
"227.txt",3
"2280.txt",9
"2281.txt",7
"2282.txt",2
"2283.txt",3
"2284.txt",3
"2285.txt",4
"2286.txt",3
"2287.txt",6
"2288.txt",8
"2289.txt",4
"228.txt",5
"2290.txt",3
"2291.txt",3
"2292.txt",9
"2293.txt",3
"2294.txt",3
"2295.txt",3
"2296.txt",9
"2297.txt",9
"2298.txt",10
"2299.txt",10
"229.txt",1
"22.txt",8
"2300.txt",2
"2301.txt",9
"2302.txt",1
"2303.txt",2
"2304.txt",8
"2305.txt",9
"2306.txt",10
"2307.txt",9
"2308.txt",7
"2309.txt",9
"230.txt",5
"2310.txt",1
"2311.txt",9
"2312.txt",6
"2313.txt",10
"2314.txt",9
"2315.txt",9
"2316.txt",2
"2317.txt",2
"2318.txt",6
"2319.txt",2
"231.txt",5
"2320.txt",4
"2321.txt",8
"2322.txt",1
"2323.txt",1
"2324.txt",8
"2325.txt",9
"2326.txt",2
"2327.txt",10
"2328.txt",4
"2329.txt",2
"232.txt",10
"2330.txt",3
"2331.txt",6
"2332.txt",1
"2333.txt",3
"2334.txt",10
"2335.txt",4
"2336.txt",9
"2337.txt",4
"2338.txt",2
"2339.txt",1
"233.txt",4
"2340.txt",6
"2341.txt",1
"2342.txt",9
"2343.txt",9
"2344.txt",10
"2345.txt",2
"2346.txt",8
"2347.txt",1
"2348.txt",2
"2349.txt",2
"2350.txt",9
"2351.txt",2
"2352.txt",1
"2353.txt",9
"2354.txt",1
"2355.txt",8
"2356.txt",9
"2357.txt",1
"2358.txt",8
"2359.txt",8
"235.txt",2
"2360.txt",8
"2361.txt",2
"2362.txt",2
"2363.txt",1
"2364.txt",2
"2366.txt",8
"2367.txt",1
"2368.txt",2
"2369.txt",10
"236.txt",9
"2370.txt",2
"2371.txt",5
"2372.txt",10
"2373.txt",8
"2374.txt",8
"2375.txt",2
"2376.txt",4
"2377.txt",4
"2378.txt",1
"2379.txt",3
"237.txt",2
"2380.txt",3
"2381.txt",8
"2382.txt",1
"2383.txt",6
"2384.txt",3
"2385.txt",1
"2387.txt",1
"2388.txt",6
"2389.txt",6
"238.txt",10
"2390.txt",1
"2391.txt",4
"2392.txt",6
"2393.txt",6
"2394.txt",6
"2395.txt",3
"2396.txt",10
"2397.txt",6
"2398.txt",5
"2399.txt",6
"239.txt",1
"23.txt",2
"2400.txt",2
"2401.txt",4
"2402.txt",5
"2403.txt",5
"2404.txt",5
"2405.txt",3
"2406.txt",2
"2407.txt",10
"2408.txt",6
"2409.txt",2
"240.txt",2
"2410.txt",2
"2411.txt",6
"2412.txt",5
"2413.txt",3
"2414.txt",2
"2415.txt",5
"2416.txt",7
"2417.txt",6
"2418.txt",3
"2419.txt",2
"241.txt",10
"2420.txt",7
"2421.txt",5
"2423.txt",6
"2424.txt",2
"2425.txt",1
"2426.txt",8
"2427.txt",4
"2428.txt",1
"2429.txt",1
"242.txt",5
"2431.txt",5
"2432.txt",1
"2435.txt",8
"2436.txt",10
"2437.txt",3
"2438.txt",1
"2439.txt",1
"243.txt",2
"2441.txt",6
"2442.txt",1
"2443.txt",1
"2444.txt",6
"2445.txt",1
"2446.txt",7
"2447.txt",8
"2448.txt",3
"2449.txt",8
"244.txt",4
"2451.txt",6
"2453.txt",2
"2454.txt",2
"2455.txt",6
"2456.txt",1
"2457.txt",5
"2458.txt",5
"2459.txt",1
"245.txt",6
"2460.txt",3
"2461.txt",10
"2462.txt",6
"2463.txt",5
"2464.txt",1
"2465.txt",5
"2466.txt",4
"2467.txt",10
"2468.txt",9
"2469.txt",1
"246.txt",3
"2470.txt",5
"2471.txt",6
"2472.txt",5
"2473.txt",4
"2474.txt",6
"2475.txt",5
"2476.txt",5
"2477.txt",6
"2478.txt",2
"2479.txt",4
"247.txt",8
"2480.txt",2
"2481.txt",3
"2482.txt",5
"2483.txt",5
"2484.txt",10
"2485.txt",8
"2486.txt",4
"2487.txt",3
"2488.txt",10
"2489.txt",9
"248.txt",2
"2490.txt",7
"2491.txt",5
"2492.txt",1
"2493.txt",7
"2494.txt",5
"2495.txt",6
"2496.txt",1
"2497.txt",1
"2498.txt",10
"2499.txt",5
"249.txt",6
"24.txt",4
"2500.txt",5
"2501.txt",5
"2502.txt",3
"2503.txt",5
"2504.txt",4
"2505.txt",5
"2506.txt",3
"2507.txt",5
"2508.txt",6
"2509.txt",5
"250.txt",3
"2510.txt",5
"2511.txt",4
"2512.txt",10
"2513.txt",6
"2514.txt",5
"2515.txt",5
"2516.txt",2
"2517.txt",2
"2518.txt",4
"2519.txt",5
"251.txt",10
"2520.txt",10
"2521.txt",2
"2522.txt",8
"2523.txt",1
"2524.txt",4
"2525.txt",7
"2526.txt",5
"2527.txt",1
"2528.txt",4
"2529.txt",9
"252.txt",7
"2530.txt",5
"2531.txt",10
"2532.txt",5
"2533.txt",4
"2534.txt",5
"2535.txt",7
"2536.txt",1
"2537.txt",4
"2538.txt",5
"2539.txt",7
"253.txt",1
"2540.txt",10
"2541.txt",2
"2542.txt",5
"2543.txt",8
"2544.txt",7
"2545.txt",7
"2546.txt",9
"2547.txt",5
"2548.txt",5
"2549.txt",4
"254.txt",2
"2550.txt",5
"2551.txt",5
"2552.txt",7
"2553.txt",5
"2554.txt",10
"2555.txt",2
"2556.txt",4
"2557.txt",8
"2558.txt",2
"2559.txt",3
"255.txt",9
"2560.txt",7
"2561.txt",4
"2562.txt",4
"2563.txt",2
"2564.txt",4
"2565.txt",1
"2566.txt",10
"2567.txt",10
"2568.txt",7
"2569.txt",9
"256.txt",10
"2570.txt",5
"2571.txt",5
"2572.txt",1
"2573.txt",10
"2574.txt",1
"2575.txt",1
"2576.txt",1
"2577.txt",2
"2578.txt",8
"2579.txt",2
"257.txt",2
"2580.txt",2
"2581.txt",1
"2582.txt",1
"2583.txt",1
"2584.txt",1
"2585.txt",2
"2586.txt",1
"2587.txt",5
"2588.txt",2
"2589.txt",8
"258.txt",10
"2590.txt",8
"2591.txt",8
"2592.txt",2
"2593.txt",1
"2594.txt",1
"2595.txt",7
"2596.txt",1
"2597.txt",2
"2598.txt",1
"2599.txt",2
"259.txt",3
"25.txt",4
"2600.txt",5
"2601.txt",1
"2602.txt",1
"2603.txt",10
"2604.txt",2
"2605.txt",1
"2606.txt",1
"2607.txt",4
"2608.txt",2
"2609.txt",6
"260.txt",1
"2610.txt",6
"2611.txt",4
"2612.txt",9
"2613.txt",5
"2614.txt",9
"2615.txt",2
"2616.txt",1
"2617.txt",5
"2618.txt",6
"2619.txt",3
"261.txt",8
"2620.txt",1
"2621.txt",2
"2622.txt",3
"2623.txt",9
"2624.txt",6
"2625.txt",9
"2626.txt",8
"2627.txt",5
"2629.txt",9
"262.txt",3
"2630.txt",4
"2631.txt",7
"2632.txt",6
"2633.txt",5
"2634.txt",6
"2635.txt",6
"2636.txt",4
"2637.txt",1
"2638.txt",4
"2639.txt",4
"263.txt",1
"2640.txt",2
"2641.txt",5
"2642.txt",1
"2643.txt",5
"2644.txt",6
"2645.txt",5
"2646.txt",2
"2647.txt",4
"2648.txt",9
"2649.txt",10
"264.txt",1
"2650.txt",3
"2651.txt",3
"2652.txt",6
"2653.txt",4
"2654.txt",8
"2655.txt",7
"2656.txt",10
"2657.txt",2
"2658.txt",4
"2659.txt",4
"265.txt",5
"2660.txt",2
"2661.txt",1
"2662.txt",7
"2663.txt",8
"2664.txt",2
"2665.txt",7
"2666.txt",2
"2667.txt",8
"2668.txt",4
"2669.txt",10
"266.txt",4
"2670.txt",4
"2671.txt",3
"2672.txt",9
"2673.txt",1
"2674.txt",8
"2675.txt",5
"2677.txt",6
"2678.txt",3
"2679.txt",10
"267.txt",8
"2680.txt",10
"2681.txt",2
"2682.txt",10
"2683.txt",6
"2684.txt",5
"2685.txt",7
"2686.txt",2
"2687.txt",3
"2688.txt",3
"2689.txt",3
"268.txt",2
"2690.txt",3
"2691.txt",3
"2692.txt",1
"2693.txt",1
"2694.txt",10
"2695.txt",2
"2696.txt",9
"2697.txt",9
"2698.txt",8
"2699.txt",8
"269.txt",1
"26.txt",7
"2700.txt",4
"2701.txt",1
"2702.txt",8
"2703.txt",1
"2704.txt",10
"2705.txt",4
"2706.txt",1
"2707.txt",1
"2708.txt",10
"2709.txt",3
"270.txt",5
"2710.txt",1
"2711.txt",1
"2712.txt",5
"2713.txt",1
"2714.txt",10
"2715.txt",9
"2716.txt",3
"2717.txt",1
"2718.txt",4
"2719.txt",10
"271.txt",1
"2720.txt",10
"2721.txt",4
"2722.txt",7
"2723.txt",1
"2724.txt",10
"2725.txt",9
"2726.txt",10
"2727.txt",1
"2728.txt",1
"2729.txt",1
"272.txt",7
"2730.txt",1
"2731.txt",5
"2732.txt",7
"2733.txt",9
"2734.txt",4
"2735.txt",1
"2736.txt",10
"2737.txt",1
"2738.txt",1
"2739.txt",1
"273.txt",7
"2740.txt",8
"2741.txt",8
"2742.txt",7
"2743.txt",5
"2744.txt",7
"2745.txt",7
"2746.txt",8
"2747.txt",7
"2748.txt",4
"2749.txt",9
"274.txt",7
"2750.txt",8
"2751.txt",2
"2752.txt",2
"2753.txt",8
"2754.txt",10
"2755.txt",7
"2756.txt",2
"2757.txt",7
"2758.txt",1
"2759.txt",4
"275.txt",3
"2760.txt",6
"2761.txt",4
"2763.txt",6
"2764.txt",2
"2765.txt",2
"2766.txt",7
"2767.txt",2
"2768.txt",2
"2769.txt",7
"276.txt",8
"2770.txt",10
"2771.txt",6
"2772.txt",2
"2773.txt",10
"2774.txt",1
"2775.txt",3
"2776.txt",2
"2777.txt",7
"2778.txt",10
"2779.txt",3
"277.txt",2
"2780.txt",8
"2781.txt",2
"2782.txt",1
"2783.txt",1
"2784.txt",1
"2785.txt",1
"2786.txt",3
"2787.txt",5
"2788.txt",1
"2789.txt",2
"278.txt",3
"2790.txt",9
"2791.txt",2
"2792.txt",1
"2793.txt",10
"2794.txt",2
"2795.txt",8
"2796.txt",3
"2797.txt",2
"2798.txt",8
"2799.txt",3
"279.txt",9
"27.txt",3
"2800.txt",2
"2801.txt",2
"2802.txt",7
"2803.txt",1
"2804.txt",1
"2805.txt",9
"2806.txt",5
"2807.txt",1
"2809.txt",1
"280.txt",3
"2810.txt",4
"2811.txt",3
"2812.txt",3
"2813.txt",1
"2814.txt",3
"2815.txt",1
"2816.txt",2
"2817.txt",3
"2818.txt",3
"2819.txt",8
"281.txt",3
"2820.txt",2
"2821.txt",2
"2822.txt",7
"2823.txt",3
"2824.txt",8
"2825.txt",6
"2826.txt",6
"2827.txt",10
"2828.txt",4
"2829.txt",5
"282.txt",4
"2830.txt",3
"2831.txt",3
"2832.txt",3
"2833.txt",6
"2834.txt",3
"2835.txt",5
"2836.txt",4
"2837.txt",3
"2838.txt",1
"2839.txt",1
"283.txt",8
"2840.txt",7
"2841.txt",3
"2842.txt",2
"2843.txt",3
"2844.txt",10
"2845.txt",10
"2846.txt",1
"2847.txt",2
"2848.txt",3
"2849.txt",3
"284.txt",8
"2850.txt",1
"2851.txt",8
"2852.txt",1
"2853.txt",4
"2854.txt",1
"2855.txt",6
"2856.txt",8
"2857.txt",9
"2858.txt",3
"2859.txt",3
"285.txt",7
"2860.txt",7
"2861.txt",8
"2862.txt",2
"2863.txt",2
"2864.txt",5
"2866.txt",3
"2867.txt",1
"2868.txt",2
"2869.txt",3
"286.txt",10
"2870.txt",6
"2871.txt",3
"2872.txt",1
"2873.txt",3
"2874.txt",6
"2875.txt",7
"2876.txt",1
"2877.txt",3
"2878.txt",3
"2879.txt",3
"287.txt",3
"2880.txt",4
"2881.txt",8
"2882.txt",8
"2883.txt",8
"2884.txt",6
"2885.txt",3
"2886.txt",9
"2887.txt",6
"2888.txt",3
"2889.txt",1
"288.txt",6
"2890.txt",1
"2891.txt",4
"2892.txt",6
"2893.txt",3
"2894.txt",6
"2896.txt",7
"2897.txt",9
"2898.txt",9
"2899.txt",5
"289.txt",5
"28.txt",5
"2900.txt",1
"2901.txt",1
"2902.txt",1
"2903.txt",5
"2904.txt",9
"2905.txt",1
"2906.txt",1
"2907.txt",3
"2908.txt",1
"2909.txt",1
"290.txt",10
"2910.txt",8
"2911.txt",4
"2912.txt",7
"2913.txt",1
"2914.txt",9
"2915.txt",10
"2916.txt",3
"2917.txt",4
"2918.txt",3
"2919.txt",1
"291.txt",8
"2920.txt",2
"2923.txt",1
"2924.txt",8
"2925.txt",5
"2926.txt",1
"2927.txt",1
"2928.txt",8
"2929.txt",9
"292.txt",2
"2930.txt",1
"2931.txt",6
"2932.txt",1
"2933.txt",2
"2934.txt",1
"2936.txt",1
"2937.txt",10
"2938.txt",7
"2939.txt",4
"293.txt",5
"2940.txt",1
"2941.txt",3
"2942.txt",3
"2943.txt",3
"2944.txt",9
"2946.txt",2
"2947.txt",1
"2948.txt",1
"2949.txt",1
"294.txt",3
"2950.txt",5
"2951.txt",4
"2952.txt",10
"2953.txt",7
"2954.txt",6
"2956.txt",10
"2957.txt",1
"2958.txt",10
"2959.txt",1
"295.txt",1
"2960.txt",4
"2961.txt",7
"2962.txt",1
"2963.txt",10
"2964.txt",1
"2965.txt",1
"2966.txt",10
"2967.txt",5
"2968.txt",1
"2969.txt",1
"296.txt",2
"2970.txt",10
"2972.txt",7
"2973.txt",10
"2974.txt",1
"2975.txt",4
"2976.txt",1
"2977.txt",9
"2978.txt",1
"2979.txt",1
"297.txt",3
"2980.txt",1
"2981.txt",7
"2982.txt",1
"2983.txt",10
"2984.txt",10
"2985.txt",2
"2986.txt",1
"2987.txt",4
"298.txt",5
"2990.txt",10
"2991.txt",6
"2992.txt",1
"2993.txt",10
"2994.txt",1
"2995.txt",3
"2996.txt",9
"2997.txt",1
"2998.txt",1
"2999.txt",7
"299.txt",2
"29.txt",2
"2.txt",2
"3000.txt",1
"3001.txt",1
"3002.txt",2
"3003.txt",9
"3004.txt",1
"3005.txt",1
"3006.txt",1
"3007.txt",4
"3008.txt",1
"3009.txt",1
"300.txt",3
"3010.txt",2
"3011.txt",1
"3012.txt",1
"3013.txt",1
"3015.txt",1
"3016.txt",5
"3017.txt",8
"3018.txt",2
"301.txt",5
"3020.txt",1
"3021.txt",1
"3023.txt",1
"3024.txt",1
"3025.txt",1
"3026.txt",1
"3027.txt",1
"3028.txt",1
"3029.txt",8
"302.txt",5
"3030.txt",1
"3031.txt",4
"3032.txt",1
"3033.txt",1
"3034.txt",1
"3035.txt",1
"3036.txt",1
"3037.txt",1
"3038.txt",1
"3039.txt",1
"303.txt",5
"3040.txt",5
"3041.txt",1
"3042.txt",1
"3043.txt",8
"3044.txt",1
"3045.txt",1
"3046.txt",1
"3047.txt",9
"3048.txt",6
"3049.txt",1
"304.txt",10
"3050.txt",1
"3051.txt",1
"3052.txt",9
"3053.txt",1
"3054.txt",9
"3055.txt",6
"3056.txt",1
"3058.txt",1
"3059.txt",5
"305.txt",8
"3060.txt",8
"3061.txt",4
"3062.txt",1
"3063.txt",3
"3064.txt",3
"3065.txt",1
"3066.txt",10
"3067.txt",1
"3068.txt",1
"3069.txt",1
"306.txt",2
"3070.txt",1
"3071.txt",1
"3072.txt",3
"3073.txt",1
"3074.txt",2
"3075.txt",1
"3076.txt",1
"3077.txt",1
"3078.txt",1
"3079.txt",1
"307.txt",1
"3080.txt",2
"3081.txt",4
"3082.txt",1
"3083.txt",1
"3084.txt",1
"3085.txt",2
"3086.txt",7
"3087.txt",2
"3088.txt",2
"3089.txt",1
"308.txt",1
"3090.txt",1
"3091.txt",6
"3092.txt",4
"3093.txt",6
"3094.txt",2
"3095.txt",2
"3096.txt",4
"3097.txt",4
"3098.txt",2
"3099.txt",1
"309.txt",2
"30.txt",2
"3100.txt",1
"3101.txt",4
"3102.txt",2
"3103.txt",4
"3104.txt",6
"3105.txt",7
"3106.txt",1
"3107.txt",6
"3108.txt",6
"3109.txt",7
"310.txt",5
"3110.txt",6
"3111.txt",4
"3112.txt",6
"3113.txt",1
"3114.txt",4
"3115.txt",4
"3116.txt",3
"3117.txt",2
"3118.txt",8
"3119.txt",4
"311.txt",2
"3120.txt",6
"3121.txt",3
"3122.txt",3
"3123.txt",7
"3124.txt",4
"3125.txt",5
"3126.txt",4
"3127.txt",3
"3128.txt",3
"3129.txt",7
"312.txt",2
"3130.txt",2
"3131.txt",4
"3132.txt",10
"3133.txt",8
"3134.txt",4
"3135.txt",4
"3136.txt",4
"3137.txt",2
"3138.txt",4
"3139.txt",8
"313.txt",5
"3140.txt",3
"3141.txt",2
"3142.txt",9
"3143.txt",4
"3144.txt",4
"3145.txt",2
"3146.txt",1
"3147.txt",4
"3148.txt",6
"3149.txt",10
"314.txt",4
"3150.txt",4
"3151.txt",6
"3152.txt",7
"3153.txt",6
"3154.txt",2
"3155.txt",9
"3156.txt",1
"3157.txt",4
"3158.txt",9
"3159.txt",1
"315.txt",2
"3160.txt",4
"3161.txt",8
"3162.txt",4
"3163.txt",5
"3164.txt",2
"3165.txt",6
"3166.txt",8
"3167.txt",3
"3168.txt",6
"3169.txt",4
"316.txt",3
"3170.txt",1
"3171.txt",6
"3172.txt",1
"3173.txt",9
"3174.txt",1
"3175.txt",1
"3176.txt",9
"3177.txt",1
"3178.txt",5
"3179.txt",9
"317.txt",2
"3180.txt",8
"3181.txt",8
"3182.txt",8
"3183.txt",2
"3184.txt",1
"3185.txt",2
"3186.txt",1
"3187.txt",1
"3188.txt",3
"3189.txt",4
"318.txt",8
"3190.txt",1
"3191.txt",1
"3192.txt",2
"3193.txt",1
"3194.txt",1
"3195.txt",4
"3196.txt",9
"3197.txt",6
"3198.txt",2
"3199.txt",1
"319.txt",10
"31.txt",3
"3200.txt",8
"3201.txt",7
"3202.txt",6
"3203.txt",9
"3204.txt",8
"3205.txt",2
"3206.txt",9
"3207.txt",5
"3208.txt",9
"3209.txt",4
"320.txt",5
"3210.txt",1
"3211.txt",6
"3212.txt",3
"3213.txt",3
"3214.txt",4
"3215.txt",6
"3216.txt",9
"3217.txt",1
"3218.txt",9
"3219.txt",1
"321.txt",7
"3220.txt",9
"3221.txt",9
"3222.txt",9
"3223.txt",10
"3224.txt",9
"3225.txt",10
"3226.txt",7
"3227.txt",6
"3228.txt",9
"3229.txt",9
"322.txt",6
"3230.txt",3
"3231.txt",9
"3232.txt",7
"3233.txt",4
"3234.txt",5
"3235.txt",9
"3236.txt",6
"3237.txt",3
"3238.txt",7
"3239.txt",5
"323.txt",5
"3241.txt",9
"3242.txt",9
"3243.txt",6
"3244.txt",6
"3245.txt",2
"3246.txt",6
"3247.txt",2
"3248.txt",9
"3249.txt",7
"324.txt",5
"3250.txt",5
"3251.txt",4
"3252.txt",3
"3253.txt",6
"3254.txt",9
"3255.txt",7
"3256.txt",3
"3257.txt",8
"3258.txt",4
"3259.txt",9
"325.txt",9
"3260.txt",6
"3261.txt",2
"3262.txt",9
"3263.txt",4
"3264.txt",2
"3265.txt",9
"3266.txt",9
"3267.txt",9
"3268.txt",1
"3269.txt",9
"326.txt",5
"3270.txt",1
"3271.txt",10
"3272.txt",7
"3273.txt",6
"3274.txt",4
"3275.txt",5
"3276.txt",9
"3277.txt",4
"3278.txt",6
"3279.txt",7
"327.txt",3
"3280.txt",5
"3281.txt",1
"3282.txt",1
"3283.txt",9
"3284.txt",6
"3285.txt",2
"3286.txt",2
"3287.txt",9
"3288.txt",7
"3289.txt",9
"328.txt",8
"3290.txt",7
"3291.txt",2
"3292.txt",9
"3293.txt",9
"3294.txt",9
"3295.txt",1
"3296.txt",9
"3297.txt",1
"3299.txt",6
"329.txt",7
"32.txt",5
"3300.txt",8
"3301.txt",2
"3302.txt",4
"3303.txt",10
"3304.txt",3
"3305.txt",9
"3306.txt",9
"3307.txt",9
"3308.txt",5
"3309.txt",6
"330.txt",7
"3310.txt",2
"3311.txt",2
"3312.txt",1
"3313.txt",1
"3314.txt",1
"3315.txt",6
"3316.txt",6
"3317.txt",6
"3318.txt",6
"3319.txt",10
"331.txt",9
"3320.txt",10
"3321.txt",9
"3322.txt",8
"3323.txt",1
"3324.txt",8
"3325.txt",4
"3326.txt",5
"3327.txt",10
"3328.txt",9
"3329.txt",2
"332.txt",7
"3330.txt",8
"3331.txt",6
"3332.txt",5
"3333.txt",5
"3334.txt",8
"3335.txt",2
"3336.txt",6
"3337.txt",3
"3338.txt",8
"3339.txt",5
"333.txt",9
"3340.txt",8
"3341.txt",4
"3342.txt",7
"3343.txt",6
"3344.txt",6
"3345.txt",3
"3346.txt",5
"3347.txt",4
"3348.txt",3
"3349.txt",1
"334.txt",6
"3350.txt",1
"3351.txt",6
"3352.txt",3
"3353.txt",8
"3354.txt",3
"3355.txt",3
"3356.txt",10
"3357.txt",5
"3358.txt",2
"3359.txt",4
"335.txt",4
"3360.txt",2
"3361.txt",1
"3362.txt",1
"3363.txt",1
"3364.txt",2
"3365.txt",3
"3366.txt",7
"3367.txt",4
"3368.txt",5
"3369.txt",8
"336.txt",7
"3370.txt",1
"3371.txt",3
"3372.txt",7
"3373.txt",2
"3374.txt",10
"3375.txt",10
"3376.txt",1
"3377.txt",7
"3378.txt",2
"3379.txt",2
"337.txt",5
"3380.txt",1
"3381.txt",1
"3382.txt",6
"3383.txt",6
"3384.txt",7
"3385.txt",2
"3386.txt",10
"3387.txt",5
"3388.txt",2
"3389.txt",7
"338.txt",3
"3390.txt",2
"3391.txt",3
"3392.txt",6
"3393.txt",8
"3394.txt",10
"3395.txt",2
"3396.txt",1
"3397.txt",4
"3398.txt",3
"3399.txt",2
"339.txt",8
"33.txt",9
"3400.txt",7
"3402.txt",1
"3403.txt",2
"3404.txt",5
"3405.txt",2
"3406.txt",8
"3407.txt",5
"3408.txt",4
"3409.txt",10
"340.txt",5
"3410.txt",1
"3411.txt",8
"3412.txt",5
"3413.txt",5
"3414.txt",5
"3415.txt",5
"3416.txt",8
"3417.txt",5
"3418.txt",4
"3419.txt",1
"341.txt",9
"3420.txt",9
"3421.txt",5
"3422.txt",2
"3423.txt",10
"3424.txt",8
"3425.txt",5
"3426.txt",5
"3427.txt",2
"3428.txt",9
"3429.txt",5
"342.txt",8
"3430.txt",3
"3431.txt",5
"3432.txt",4
"3433.txt",3
"3434.txt",7
"3435.txt",7
"3436.txt",10
"3437.txt",4
"3438.txt",10
"3439.txt",7
"343.txt",10
"3440.txt",2
"3441.txt",2
"3442.txt",5
"3443.txt",7
"3444.txt",8
"3445.txt",7
"3446.txt",6
"3447.txt",4
"3448.txt",5
"3449.txt",10
"344.txt",10
"3450.txt",9
"3451.txt",1
"3452.txt",4
"3453.txt",7
"3454.txt",10
"3455.txt",10
"3456.txt",6
"3457.txt",3
"3458.txt",8
"3459.txt",5
"345.txt",10
"3460.txt",1
"3461.txt",3
"3462.txt",2
"3463.txt",4
"3464.txt",7
"3465.txt",6
"3466.txt",2
"3467.txt",3
"3468.txt",7
"3469.txt",7
"346.txt",3
"3470.txt",10
"3471.txt",6
"3472.txt",1
"3473.txt",3
"3474.txt",3
"3475.txt",7
"3476.txt",3
"3477.txt",2
"3478.txt",2
"3479.txt",2
"347.txt",5
"3480.txt",3
"3481.txt",10
"3482.txt",10
"3483.txt",6
"3484.txt",3
"3485.txt",8
"3486.txt",6
"3487.txt",4
"3488.txt",7
"3489.txt",1
"348.txt",3
"3490.txt",3
"3491.txt",1
"3492.txt",1
"3493.txt",2
"3494.txt",1
"3495.txt",3
"3496.txt",9
"3497.txt",6
"3498.txt",6
"3499.txt",8
"349.txt",6
"34.txt",6
"3500.txt",6
"3501.txt",7
"3502.txt",1
"3503.txt",4
"3504.txt",8
"3505.txt",8
"3506.txt",9
"3507.txt",1
"3508.txt",3
"3509.txt",5
"350.txt",6
"3510.txt",10
"3511.txt",2
"3512.txt",6
"3513.txt",1
"3514.txt",6
"3515.txt",6
"3516.txt",2
"3517.txt",9
"3518.txt",7
"3519.txt",6
"351.txt",6
"3520.txt",6
"3521.txt",6
"3522.txt",6
"3523.txt",8
"3524.txt",7
"3525.txt",6
"3526.txt",6
"3527.txt",2
"3528.txt",6
"3529.txt",6
"352.txt",9
"3531.txt",3
"3532.txt",1
"3533.txt",1
"3534.txt",6
"3535.txt",6
"3536.txt",6
"3537.txt",8
"3538.txt",3
"3539.txt",1
"353.txt",2
"3540.txt",4
"3541.txt",1
"3542.txt",2
"3543.txt",5
"3544.txt",2
"3545.txt",5
"3546.txt",2
"3547.txt",6
"3548.txt",1
"3549.txt",6
"354.txt",10
"3550.txt",5
"3551.txt",5
"3552.txt",2
"3553.txt",6
"3554.txt",10
"3555.txt",5
"3556.txt",8
"3557.txt",6
"3558.txt",4
"3559.txt",6
"355.txt",7
"3560.txt",7
"3561.txt",5
"3562.txt",5
"3563.txt",8
"3564.txt",4
"3565.txt",5
"3566.txt",6
"3567.txt",7
"3568.txt",5
"3569.txt",4
"356.txt",10
"3570.txt",2
"3571.txt",4
"3572.txt",4
"3573.txt",1
"3574.txt",5
"3575.txt",6
"3576.txt",6
"3577.txt",5
"3578.txt",9
"3579.txt",7
"357.txt",8
"3580.txt",8
"3581.txt",5
"3582.txt",4
"3583.txt",2
"3584.txt",10
"3585.txt",3
"3586.txt",2
"3587.txt",3
"3588.txt",1
"3589.txt",6
"358.txt",5
"3590.txt",4
"3591.txt",5
"3592.txt",4
"3593.txt",5
"3594.txt",2
"3595.txt",5
"3596.txt",6
"3597.txt",5
"3598.txt",1
"3599.txt",6
"359.txt",4
"35.txt",5
"3600.txt",7
"3601.txt",5
"3602.txt",5
"3603.txt",1
"3604.txt",2
"3605.txt",1
"3606.txt",2
"3607.txt",4
"3608.txt",2
"3609.txt",5
"360.txt",10
"3610.txt",4
"3611.txt",2
"3612.txt",5
"3613.txt",5
"3614.txt",4
"3615.txt",5
"3616.txt",5
"3617.txt",3
"3618.txt",5
"3619.txt",4
"361.txt",4
"3620.txt",3
"3621.txt",6
"3622.txt",10
"3623.txt",2
"3624.txt",1
"3625.txt",6
"3626.txt",4
"3627.txt",1
"3628.txt",2
"3629.txt",8
"362.txt",2
"3630.txt",2
"3631.txt",2
"3632.txt",4
"3633.txt",9
"3634.txt",10
"3635.txt",10
"3636.txt",2
"3637.txt",2
"3638.txt",6
"3639.txt",10
"363.txt",9
"3640.txt",6
"3641.txt",5
"3642.txt",7
"3643.txt",6
"3644.txt",6
"3645.txt",4
"3646.txt",2
"3647.txt",5
"3648.txt",6
"3649.txt",4
"364.txt",8
"3650.txt",3
"3651.txt",5
"3652.txt",6
"3653.txt",3
"3654.txt",3
"3655.txt",3
"3656.txt",3
"3657.txt",3
"3658.txt",2
"3659.txt",1
"365.txt",4
"3660.txt",6
"3661.txt",6
"3662.txt",3
"3663.txt",4
"3664.txt",6
"3665.txt",3
"3666.txt",3
"3667.txt",3
"3668.txt",7
"3669.txt",2
"366.txt",7
"3670.txt",2
"3672.txt",2
"3673.txt",1
"3674.txt",1
"3675.txt",1
"3677.txt",1
"3678.txt",1
"3679.txt",6
"367.txt",9
"3680.txt",10
"3681.txt",5
"3682.txt",1
"3683.txt",1
"3684.txt",4
"3685.txt",5
"3686.txt",1
"3687.txt",10
"3688.txt",2
"3689.txt",6
"368.txt",2
"3690.txt",4
"3691.txt",4
"3692.txt",5
"3693.txt",3
"3694.txt",5
"3695.txt",1
"3696.txt",6
"3697.txt",1
"3698.txt",1
"3699.txt",1
"369.txt",3
"36.txt",3
"3700.txt",7
"3701.txt",4
"3702.txt",7
"3703.txt",4
"3704.txt",2
"3705.txt",8
"3706.txt",2
"3707.txt",7
"3708.txt",1
"3709.txt",1
"370.txt",7
"3710.txt",7
"3711.txt",1
"3712.txt",3
"3713.txt",6
"3714.txt",1
"3715.txt",1
"3716.txt",1
"3717.txt",1
"3718.txt",1
"3719.txt",1
"371.txt",3
"3720.txt",1
"3721.txt",1
"3722.txt",1
"3723.txt",4
"3724.txt",1
"3725.txt",1
"3726.txt",1
"3727.txt",1
"3728.txt",1
"3729.txt",10
"372.txt",5
"3730.txt",4
"3731.txt",1
"3732.txt",1
"3733.txt",1
"3734.txt",10
"3735.txt",1
"3736.txt",1
"3737.txt",1
"3738.txt",1
"3739.txt",1
"373.txt",10
"3740.txt",1
"3741.txt",8
"3742.txt",1
"3743.txt",1
"3744.txt",1
"3745.txt",1
"3747.txt",1
"3748.txt",1
"3749.txt",1
"374.txt",2
"3750.txt",1
"3751.txt",1
"3752.txt",6
"3753.txt",1
"3754.txt",1
"3755.txt",6
"3756.txt",1
"3757.txt",1
"3758.txt",2
"3759.txt",3
"375.txt",7
"3760.txt",1
"3761.txt",2
"3762.txt",1
"3763.txt",7
"3764.txt",1
"3765.txt",1
"3766.txt",7
"3767.txt",1
"3768.txt",1
"3769.txt",1
"376.txt",6
"3770.txt",1
"3771.txt",2
"3772.txt",1
"3773.txt",6
"3774.txt",1
"3775.txt",1
"3776.txt",1
"3777.txt",1
"3778.txt",1
"3779.txt",2
"377.txt",10
"3780.txt",1
"3781.txt",4
"3782.txt",1
"3783.txt",1
"3784.txt",1
"3785.txt",1
"3786.txt",1
"3787.txt",1
"3788.txt",1
"3789.txt",1
"378.txt",10
"3790.txt",1
"3791.txt",1
"3793.txt",1
"3794.txt",1
"3796.txt",1
"3797.txt",7
"3798.txt",3
"3799.txt",1
"379.txt",5
"37.txt",9
"3800.txt",1
"3801.txt",1
"3802.txt",1
"3803.txt",1
"3804.txt",1
"3805.txt",1
"3806.txt",1
"3807.txt",1
"3808.txt",1
"3809.txt",1
"380.txt",4
"3810.txt",1
"3811.txt",1
"3812.txt",8
"3813.txt",10
"3814.txt",5
"3815.txt",1
"3816.txt",1
"3817.txt",7
"3818.txt",7
"3819.txt",7
"381.txt",3
"3820.txt",8
"3821.txt",1
"3822.txt",1
"3823.txt",9
"3824.txt",1
"3825.txt",5
"3826.txt",9
"3827.txt",1
"3828.txt",7
"3829.txt",6
"382.txt",2
"3830.txt",7
"3831.txt",9
"3832.txt",1
"3833.txt",1
"3834.txt",1
"3835.txt",4
"3836.txt",1
"3837.txt",6
"3839.txt",1
"383.txt",8
"3840.txt",7
"3841.txt",2
"3842.txt",1
"3843.txt",1
"3844.txt",8
"3845.txt",10
"3846.txt",8
"3847.txt",1
"3848.txt",4
"3849.txt",10
"384.txt",4
"3850.txt",1
"3851.txt",1
"3852.txt",4
"3853.txt",7
"3854.txt",1
"3855.txt",2
"3856.txt",1
"3857.txt",3
"3858.txt",4
"3859.txt",1
"385.txt",8
"3860.txt",1
"3861.txt",7
"3862.txt",6
"3863.txt",6
"3864.txt",6
"3865.txt",8
"3866.txt",3
"3867.txt",3
"3868.txt",1
"3869.txt",4
"386.txt",3
"3870.txt",4
"3871.txt",4
"3872.txt",10
"3873.txt",6
"3874.txt",4
"3875.txt",4
"3876.txt",5
"3877.txt",3
"3878.txt",3
"3879.txt",3
"387.txt",10
"3880.txt",6
"3881.txt",6
"3882.txt",2
"3883.txt",6
"3884.txt",3
"3885.txt",7
"3886.txt",8
"3887.txt",8
"3888.txt",5
"3889.txt",6
"388.txt",4
"3890.txt",8
"3891.txt",6
"3892.txt",1
"3893.txt",6
"3894.txt",6
"3895.txt",6
"3896.txt",9
"3897.txt",4
"3898.txt",7
"3899.txt",3
"389.txt",5
"38.txt",3
"3900.txt",9
"3901.txt",9
"3902.txt",9
"3903.txt",2
"3904.txt",9
"3905.txt",3
"3906.txt",2
"3907.txt",3
"3908.txt",5
"3909.txt",8
"390.txt",8
"3910.txt",8
"3911.txt",8
"3912.txt",1
"3913.txt",3
"3914.txt",1
"3915.txt",2
"3916.txt",6
"3917.txt",9
"3918.txt",10
"3919.txt",3
"391.txt",7
"3920.txt",9
"3921.txt",8
"3922.txt",2
"3923.txt",9
"3924.txt",9
"3925.txt",9
"3926.txt",2
"3927.txt",4
"3928.txt",6
"3929.txt",4
"392.txt",3
"3930.txt",2
"3931.txt",2
"3932.txt",9
"3933.txt",6
"3934.txt",1
"3935.txt",4
"3936.txt",2
"3937.txt",9
"3938.txt",6
"3939.txt",5
"393.txt",8
"3940.txt",4
"3941.txt",4
"3942.txt",9
"3943.txt",8
"3944.txt",10
"3945.txt",7
"3946.txt",9
"3947.txt",10
"3948.txt",4
"3949.txt",9
"394.txt",10
"3950.txt",10
"3951.txt",9
"3952.txt",9
"3953.txt",10
"3954.txt",6
"3955.txt",9
"3956.txt",6
"3957.txt",7
"3958.txt",9
"3959.txt",8
"395.txt",2
"3960.txt",9
"3961.txt",9
"3962.txt",9
"3963.txt",9
"3964.txt",9
"3965.txt",2
"3966.txt",8
"3967.txt",9
"3968.txt",9
"3969.txt",9
"396.txt",2
"3970.txt",9
"3971.txt",1
"3972.txt",9
"3973.txt",10
"3974.txt",4
"3975.txt",5
"3976.txt",10
"3977.txt",9
"3978.txt",4
"3979.txt",2
"397.txt",3
"3980.txt",7
"3981.txt",4
"3982.txt",7
"3983.txt",5
"3984.txt",8
"3985.txt",9
"3986.txt",9
"3987.txt",6
"3988.txt",6
"3989.txt",2
"398.txt",5
"3990.txt",10
"3991.txt",9
"3992.txt",2
"3993.txt",3
"3994.txt",6
"3995.txt",6
"3996.txt",6
"3997.txt",10
"3998.txt",4
"3999.txt",5
"399.txt",3
"39.txt",8
"3.txt",2
"4000.txt",3
"4001.txt",4
"4002.txt",5
"4003.txt",7
"4004.txt",9
"4005.txt",7
"4006.txt",2
"4007.txt",6
"4008.txt",6
"4009.txt",9
"400.txt",1
"4010.txt",2
"4011.txt",7
"4012.txt",3
"4013.txt",7
"4014.txt",1
"4015.txt",9
"4016.txt",1
"4017.txt",8
"4018.txt",4
"4019.txt",10
"401.txt",3
"4020.txt",2
"4021.txt",5
"4022.txt",8
"4023.txt",9
"4024.txt",9
"4025.txt",5
"4026.txt",10
"4027.txt",4
"4028.txt",1
"4029.txt",7
"402.txt",1
"4030.txt",10
"4031.txt",10
"4032.txt",10
"4033.txt",3
"4034.txt",2
"4035.txt",3
"4036.txt",1
"4037.txt",4
"4038.txt",3
"4039.txt",1
"403.txt",5
"4040.txt",9
"4041.txt",3
"4042.txt",10
"4043.txt",10
"4044.txt",7
"4045.txt",7
"4046.txt",7
"4047.txt",7
"4048.txt",1
"4049.txt",5
"404.txt",4
"4050.txt",7
"4051.txt",7
"4052.txt",5
"4053.txt",5
"4054.txt",9
"4055.txt",8
"4056.txt",6
"4057.txt",6
"4058.txt",8
"4059.txt",6
"405.txt",8
"4060.txt",9
"4061.txt",6
"4062.txt",5
"4063.txt",9
"4064.txt",1
"4065.txt",10
"4066.txt",9
"4067.txt",1
"4068.txt",1
"4069.txt",6
"406.txt",6
"4070.txt",1
"4072.txt",8
"4073.txt",8
"4074.txt",7
"4075.txt",4
"4076.txt",10
"4077.txt",4
"4078.txt",8
"4079.txt",6
"407.txt",3
"4080.txt",8
"4081.txt",6
"4082.txt",1
"4083.txt",6
"4084.txt",3
"4085.txt",4
"4086.txt",1
"4087.txt",6
"4088.txt",6
"4089.txt",8
"408.txt",8
"4090.txt",7
"4091.txt",9
"4092.txt",5
"4093.txt",1
"4094.txt",7
"4096.txt",4
"4097.txt",7
"4098.txt",5
"4099.txt",3
"409.txt",10
"40.txt",4
"4100.txt",4
"4101.txt",1
"4102.txt",3
"4103.txt",5
"4104.txt",2
"4106.txt",10
"4107.txt",1
"4108.txt",10
"4109.txt",7
"410.txt",10
"4110.txt",9
"4111.txt",8
"4112.txt",7
"4113.txt",4
"4114.txt",5
"4115.txt",2
"4116.txt",10
"4117.txt",9
"4118.txt",3
"4119.txt",4
"411.txt",2
"4120.txt",10
"4121.txt",3
"4122.txt",4
"4123.txt",10
"4126.txt",1
"4127.txt",5
"4128.txt",10
"4129.txt",10
"412.txt",2
"4130.txt",1
"4131.txt",6
"4132.txt",3
"4133.txt",6
"4134.txt",3
"4135.txt",3
"4136.txt",3
"4137.txt",3
"4138.txt",5
"4139.txt",6
"413.txt",1
"4140.txt",2
"4141.txt",7
"4142.txt",3
"4143.txt",3
"4144.txt",6
"4145.txt",3
"4146.txt",1
"4147.txt",6
"4148.txt",5
"4149.txt",3
"414.txt",4
"4150.txt",1
"4151.txt",3
"4152.txt",3
"4153.txt",1
"4154.txt",3
"4155.txt",3
"4156.txt",3
"4157.txt",3
"4158.txt",3
"4159.txt",3
"415.txt",4
"4160.txt",2
"4161.txt",3
"4162.txt",4
"4163.txt",3
"4164.txt",6
"4165.txt",3
"4166.txt",7
"4167.txt",1
"4168.txt",3
"4169.txt",10
"416.txt",3
"4170.txt",6
"4171.txt",2
"4172.txt",3
"4173.txt",3
"4174.txt",5
"4175.txt",10
"4176.txt",7
"4177.txt",9
"4178.txt",2
"4179.txt",4
"417.txt",2
"4180.txt",1
"4181.txt",7
"4182.txt",7
"4183.txt",3
"4184.txt",4
"4185.txt",3
"4186.txt",3
"4187.txt",8
"4188.txt",6
"4189.txt",2
"418.txt",4
"4190.txt",3
"4191.txt",6
"4192.txt",1
"4193.txt",1
"4194.txt",4
"4195.txt",3
"4196.txt",3
"4197.txt",3
"4198.txt",5
"4199.txt",4
"419.txt",1
"41.txt",4
"4200.txt",1
"4201.txt",5
"4202.txt",4
"4203.txt",3
"4204.txt",2
"4205.txt",2
"4206.txt",3
"4207.txt",6
"4208.txt",3
"4209.txt",3
"420.txt",8
"4210.txt",4
"4211.txt",7
"4212.txt",1
"4213.txt",6
"4214.txt",8
"4215.txt",6
"4216.txt",7
"4217.txt",1
"4218.txt",2
"4219.txt",4
"421.txt",5
"4220.txt",4
"4221.txt",4
"4222.txt",5
"4223.txt",6
"4224.txt",4
"4225.txt",6
"4226.txt",6
"4227.txt",5
"4228.txt",10
"4229.txt",7
"422.txt",5
"4230.txt",4
"4231.txt",4
"4232.txt",3
"4233.txt",3
"4234.txt",4
"4235.txt",6
"4236.txt",10
"4237.txt",2
"4238.txt",10
"4239.txt",7
"423.txt",10
"4240.txt",9
"4241.txt",9
"4242.txt",9
"4243.txt",2
"4244.txt",9
"4245.txt",7
"4246.txt",1
"4247.txt",3
"4248.txt",7
"4249.txt",7
"424.txt",9
"4250.txt",7
"4251.txt",9
"4252.txt",7
"4253.txt",2
"4254.txt",2
"4255.txt",6
"4256.txt",1
"4257.txt",3
"4258.txt",9
"4259.txt",4
"425.txt",8
"4260.txt",6
"4261.txt",9
"4262.txt",6
"4263.txt",9
"4264.txt",7
"4265.txt",9
"4266.txt",2
"4267.txt",2
"4268.txt",9
"4269.txt",6
"426.txt",2
"4270.txt",6
"4271.txt",6
"4272.txt",5
"4273.txt",2
"4274.txt",3
"4275.txt",6
"4276.txt",9
"4277.txt",2
"4278.txt",2
"4279.txt",4
"427.txt",8
"4280.txt",9
"4281.txt",8
"4282.txt",9
"428.txt",8
"429.txt",6
"42.txt",8
"430.txt",8
"431.txt",7
"432.txt",7
"433.txt",7
"434.txt",8
"435.txt",4
"436.txt",2
"437.txt",4
"438.txt",5
"439.txt",9
"43.txt",2
"440.txt",10
"441.txt",7
"442.txt",7
"443.txt",2
"444.txt",3
"445.txt",5
"446.txt",2
"447.txt",4
"448.txt",4
"449.txt",5
"44.txt",2
"450.txt",4
"451.txt",3
"452.txt",5
"453.txt",4
"454.txt",1
"455.txt",3
"456.txt",3
"457.txt",2
"458.txt",7
"459.txt",3
"45.txt",3
"460.txt",3
"461.txt",3
"462.txt",1
"463.txt",2
"464.txt",1
"465.txt",2
"466.txt",8
"467.txt",10
"468.txt",5
"469.txt",8
"46.txt",6
"470.txt",5
"471.txt",7
"472.txt",1
"473.txt",2
"474.txt",7
"475.txt",8
"476.txt",7
"477.txt",1
"478.txt",6
"479.txt",5
"47.txt",3
"480.txt",2
"481.txt",6
"482.txt",1
"483.txt",6
"484.txt",5
"485.txt",9
"486.txt",9
"487.txt",7
"488.txt",1
"489.txt",9
"48.txt",3
"490.txt",2
"491.txt",9
"492.txt",1
"493.txt",4
"494.txt",2
"495.txt",2
"496.txt",5
"497.txt",4
"498.txt",2
"499.txt",7
"49.txt",2
"4.txt",1
"500.txt",1
"501.txt",2
"502.txt",7
"503.txt",8
"504.txt",1
"505.txt",5
"506.txt",10
"507.txt",9
"508.txt",2
"509.txt",8
"50.txt",10
"510.txt",5
"511.txt",1
"512.txt",3
"513.txt",10
"514.txt",8
"515.txt",2
"516.txt",3
"517.txt",4
"518.txt",8
"519.txt",9
"51.txt",6
"520.txt",8
"521.txt",5
"522.txt",2
"523.txt",6
"524.txt",7
"525.txt",10
"526.txt",1
"527.txt",3
"528.txt",3
"529.txt",3
"52.txt",2
"530.txt",2
"531.txt",4
"532.txt",6
"533.txt",2
"534.txt",2
"535.txt",3
"536.txt",8
"537.txt",8
"538.txt",9
"539.txt",2
"53.txt",2
"540.txt",6
"541.txt",6
"542.txt",10
"543.txt",2
"544.txt",1
"545.txt",2
"546.txt",10
"547.txt",8
"548.txt",6
"549.txt",5
"54.txt",6
"550.txt",4
"551.txt",4
"552.txt",3
"553.txt",1
"554.txt",3
"555.txt",10
"556.txt",1
"557.txt",4
"558.txt",3
"559.txt",1
"55.txt",2
"560.txt",9
"561.txt",3
"562.txt",2
"563.txt",8
"564.txt",2
"565.txt",6
"566.txt",2
"567.txt",7
"568.txt",8
"569.txt",5
"56.txt",1
"570.txt",8
"571.txt",8
"572.txt",1
"573.txt",3
"574.txt",8
"575.txt",8
"576.txt",5
"577.txt",8
"578.txt",8
"579.txt",8
"57.txt",6
"580.txt",8
"581.txt",3
"582.txt",7
"583.txt",2
"584.txt",7
"585.txt",8
"586.txt",1
"587.txt",1
"588.txt",6
"589.txt",2
"58.txt",10
"591.txt",2
"592.txt",8
"593.txt",4
"594.txt",8
"595.txt",5
"596.txt",4
"597.txt",7
"598.txt",8
"599.txt",8
"59.txt",7
"5.txt",3
"600.txt",4
"601.txt",3
"602.txt",8
"603.txt",3
"604.txt",3
"605.txt",8
"606.txt",2
"607.txt",2
"608.txt",2
"609.txt",8
"60.txt",9
"610.txt",2
"611.txt",8
"612.txt",5
"613.txt",5
"614.txt",8
"615.txt",7
"616.txt",7
"617.txt",3
"618.txt",1
"619.txt",6
"61.txt",4
"620.txt",7
"621.txt",9
"622.txt",2
"623.txt",4
"624.txt",10
"625.txt",4
"626.txt",4
"627.txt",8
"628.txt",3
"629.txt",2
"62.txt",10
"630.txt",2
"631.txt",4
"632.txt",3
"633.txt",6
"634.txt",1
"635.txt",4
"636.txt",3
"637.txt",8
"638.txt",2
"639.txt",3
"63.txt",9
"640.txt",4
"641.txt",5
"642.txt",7
"643.txt",3
"644.txt",3
"645.txt",4
"646.txt",3
"647.txt",7
"648.txt",3
"649.txt",8
"64.txt",7
"650.txt",5
"651.txt",3
"652.txt",6
"653.txt",6
"654.txt",8
"655.txt",5
"656.txt",8
"657.txt",4
"658.txt",3
"659.txt",8
"65.txt",2
"660.txt",10
"661.txt",8
"662.txt",8
"664.txt",1
"665.txt",6
"666.txt",3
"667.txt",4
"668.txt",1
"669.txt",2
"66.txt",10
"670.txt",6
"671.txt",2
"672.txt",4
"673.txt",3
"674.txt",2
"675.txt",10
"676.txt",6
"677.txt",3
"678.txt",10
"679.txt",7
"67.txt",1
"680.txt",7
"681.txt",7
"682.txt",6
"683.txt",7
"684.txt",7
"685.txt",1
"686.txt",7
"687.txt",1
"688.txt",6
"689.txt",1
"68.txt",1
"690.txt",6
"691.txt",7
"692.txt",8
"693.txt",3
"694.txt",5
"695.txt",8
"696.txt",7
"697.txt",10
"699.txt",10
"69.txt",2
"6.txt",3
"700.txt",6
"701.txt",6
"702.txt",6
"703.txt",3
"704.txt",8
"705.txt",5
"706.txt",2
"707.txt",6
"708.txt",4
"709.txt",4
"70.txt",10
"710.txt",1
"711.txt",7
"712.txt",6
"714.txt",6
"715.txt",9
"716.txt",9
"717.txt",3
"718.txt",5
"719.txt",6
"71.txt",3
"720.txt",6
"721.txt",6
"722.txt",1
"723.txt",1
"724.txt",3
"725.txt",4
"726.txt",1
"727.txt",3
"729.txt",3
"72.txt",8
"730.txt",3
"731.txt",6
"732.txt",5
"733.txt",10
"734.txt",4
"736.txt",8
"737.txt",10
"738.txt",3
"73.txt",5
"740.txt",8
"741.txt",5
"742.txt",4
"743.txt",10
"745.txt",3
"746.txt",6
"747.txt",2
"748.txt",4
"749.txt",6
"74.txt",7
"750.txt",9
"751.txt",1
"752.txt",7
"753.txt",6
"754.txt",2
"755.txt",3
"757.txt",2
"758.txt",1
"75.txt",8
"760.txt",10
"761.txt",3
"762.txt",1
"763.txt",1
"764.txt",7
"765.txt",7
"766.txt",7
"768.txt",2
"769.txt",3
"76.txt",10
"770.txt",3
"771.txt",3
"772.txt",2
"773.txt",5
"774.txt",6
"775.txt",3
"776.txt",1
"777.txt",7
"778.txt",8
"779.txt",3
"77.txt",1
"780.txt",1
"781.txt",3
"782.txt",3
"783.txt",7
"784.txt",1
"785.txt",6
"786.txt",4
"787.txt",5
"788.txt",1
"789.txt",5
"78.txt",10
"790.txt",6
"791.txt",5
"792.txt",9
"793.txt",9
"794.txt",5
"795.txt",1
"796.txt",5
"797.txt",5
"798.txt",5
"799.txt",9
"79.txt",3
"7.txt",4
"800.txt",9
"801.txt",1
"802.txt",9
"803.txt",5
"804.txt",9
"805.txt",5
"806.txt",5
"807.txt",4
"808.txt",2
"809.txt",10
"80.txt",4
"810.txt",9
"811.txt",5
"812.txt",6
"813.txt",5
"814.txt",5
"815.txt",5
"816.txt",4
"817.txt",5
"818.txt",4
"819.txt",3
"81.txt",9
"820.txt",4
"821.txt",5
"822.txt",5
"823.txt",5
"824.txt",5
"825.txt",5
"826.txt",1
"827.txt",1
"828.txt",6
"829.txt",5
"82.txt",7
"830.txt",6
"831.txt",5
"832.txt",10
"833.txt",5
"834.txt",1
"835.txt",2
"836.txt",9
"837.txt",10
"838.txt",4
"839.txt",10
"83.txt",7
"840.txt",6
"841.txt",5
"842.txt",6
"843.txt",8
"844.txt",1
"845.txt",5
"846.txt",1
"847.txt",2
"849.txt",5
"84.txt",9
"850.txt",1
"851.txt",5
"852.txt",4
"853.txt",5
"854.txt",5
"855.txt",5
"856.txt",4
"857.txt",4
"858.txt",7
"859.txt",5
"85.txt",7
"860.txt",4
"861.txt",2
"862.txt",1
"863.txt",5
"864.txt",4
"865.txt",2
"866.txt",4
"867.txt",5
"868.txt",9
"869.txt",1
"86.txt",6
"870.txt",4
"871.txt",4
"872.txt",2
"873.txt",5
"874.txt",3
"875.txt",5
"876.txt",5
"877.txt",5
"878.txt",5
"879.txt",5
"87.txt",7
"880.txt",5
"881.txt",2
"882.txt",2
"883.txt",1
"884.txt",9
"885.txt",2
"886.txt",2
"887.txt",2
"888.txt",1
"889.txt",8
"88.txt",8
"890.txt",9
"891.txt",8
"892.txt",3
"893.txt",8
"894.txt",4
"895.txt",8
"896.txt",2
"897.txt",2
"898.txt",1
"899.txt",1
"89.txt",1
"8.txt",8
"900.txt",4
"901.txt",3
"902.txt",8
"903.txt",3
"904.txt",4
"905.txt",8
"906.txt",8
"907.txt",1
"908.txt",4
"909.txt",2
"90.txt",2
"910.txt",2
"911.txt",10
"912.txt",5
"913.txt",8
"914.txt",2
"915.txt",1
"916.txt",4
"917.txt",3
"918.txt",1
"919.txt",8
"920.txt",1
"921.txt",4
"922.txt",4
"923.txt",1
"924.txt",5
"925.txt",6
"926.txt",3
"927.txt",5
"928.txt",1
"929.txt",5
"92.txt",4
"930.txt",5
"931.txt",10
"932.txt",5
"933.txt",5
"934.txt",5
"935.txt",5
"937.txt",5
"938.txt",5
"939.txt",5
"93.txt",5
"940.txt",5
"941.txt",3
"942.txt",7
"943.txt",3
"944.txt",2
"945.txt",3
"946.txt",6
"947.txt",2
"948.txt",3
"949.txt",1
"94.txt",3
"950.txt",5
"951.txt",1
"952.txt",5
"953.txt",7
"954.txt",2
"955.txt",5
"956.txt",8
"957.txt",5
"958.txt",5
"959.txt",6
"95.txt",1
"960.txt",3
"961.txt",2
"962.txt",6
"963.txt",1
"964.txt",5
"965.txt",5
"966.txt",3
"967.txt",2
"968.txt",5
"969.txt",9
"96.txt",2
"970.txt",4
"971.txt",1
"972.txt",5
"973.txt",10
"974.txt",4
"975.txt",5
"976.txt",4
"977.txt",2
"978.txt",4
"979.txt",5
"97.txt",1
"980.txt",2
"981.txt",2
"982.txt",2
"983.txt",7
"984.txt",10
"985.txt",5
"986.txt",7
"987.txt",1
"988.txt",2
"989.txt",2
"98.txt",6
"990.txt",7
"991.txt",1
"992.txt",2
"993.txt",4
"994.txt",10
"995.txt",6
"996.txt",7
"997.txt",2
"998.txt",7
"999.txt",7
"99.txt",2
"9.txt",5
